*2026년 이후 예측정보는 추산 자료이므로 근거 자료로 사용 할 수 없습니다.,,,,,,,,,,,,,,,,,,,,
*해양조사와 해양정보 활용에 관한 법률 제 48조 1항 및 같은법 시행령 제20조 시행규칙 제 38조에 근거하여 본자료의 복제 또는 유사제작물 발행하고자 하는 경우 국립해양조사원에 승인 신청 바랍니다.,,,,,,,,,,,,,,,,,,,,
,,,,,,,,,,,,,,,,,,,,
시간,예측 조위,,,,,,,,,,,,,,,,,,,
2024-09-01 00:00,382,,,,,,,,,,,,,,,,,,,
2024-09-01 01:00,532,,,,,,,,,,,,,,,,,,,
2024-09-01 02:00,671,,,,,,,,,,,,,,,,,,,
2024-09-01 03:00,773,,,,,,,,,,,,,,,,,,,
2024-09-01 04:00,814,,,,,,,,,,,,,,,,,,,
2024-09-01 05:00,782,,,,,,,,,,,,,,,,,,,
2024-09-01 06:00,688,,,,,,,,,,,,,,,,,,,
2024-09-01 07:00,559,,,,,,,,,,,,,,,,,,,
2024-09-01 08:00,419,,,,,,,,,,,,,,,,,,,
2024-09-01 09:00,295,,,,,,,,,,,,,,,,,,,
2024-09-01 10:00,221,,,,,,,,,,,,,,,,,,,
2024-09-01 11:00,226,,,,,,,,,,,,,,,,,,,
2024-09-01 12:00,311,,,,,,,,,,,,,,,,,,,
2024-09-01 13:00,443,,,,,,,,,,,,,,,,,,,
2024-09-01 14:00,582,,,,,,,,,,,,,,,,,,,
2024-09-01 15:00,695,,,,,,,,,,,,,,,,,,,
2024-09-01 16:00,751,,,,,,,,,,,,,,,,,,,
2024-09-01 17:00,727,,,,,,,,,,,,,,,,,,,
2024-09-01 18:00,628,,,,,,,,,,,,,,,,,,,
2024-09-01 19:00,486,,,,,,,,,,,,,,,,,,,
2024-09-01 20:00,338,,,,,,,,,,,,,,,,,,,
2024-09-01 21:00,211,,,,,,,,,,,,,,,,,,,
2024-09-01 22:00,136,,,,,,,,,,,,,,,,,,,
2024-09-01 23:00,147,,,,,,,,,,,,,,,,,,,
2024-09-02 00:00,252,,,,,,,,,,,,,,,,,,,
2024-09-02 01:00,414,,,,,,,,,,,,,,,,,,,
2024-09-02 02:00,586,,,,,,,,,,,,,,,,,,,
2024-09-02 03:00,734,,,,,,,,,,,,,,,,,,,
2024-09-02 04:00,830,,,,,,,,,,,,,,,,,,,
2024-09-02 05:00,846,,,,,,,,,,,,,,,,,,,
2024-09-02 06:00,776,,,,,,,,,,,,,,,,,,,
2024-09-02 07:00,647,,,,,,,,,,,,,,,,,,,
2024-09-02 08:00,494,,,,,,,,,,,,,,,,,,,
2024-09-02 09:00,342,,,,,,,,,,,,,,,,,,,
2024-09-02 10:00,218,,,,,,,,,,,,,,,,,,,
2024-09-02 11:00,167,,,,,,,,,,,,,,,,,,,
2024-09-02 12:00,216,,,,,,,,,,,,,,,,,,,
2024-09-02 13:00,346,,,,,,,,,,,,,,,,,,,
2024-09-02 14:00,509,,,,,,,,,,,,,,,,,,,
2024-09-02 15:00,661,,,,,,,,,,,,,,,,,,,
2024-09-02 16:00,770,,,,,,,,,,,,,,,,,,,
2024-09-02 17:00,801,,,,,,,,,,,,,,,,,,,
2024-09-02 18:00,736,,,,,,,,,,,,,,,,,,,
2024-09-02 19:00,599,,,,,,,,,,,,,,,,,,,
2024-09-02 20:00,433,,,,,,,,,,,,,,,,,,,
2024-09-02 21:00,274,,,,,,,,,,,,,,,,,,,
2024-09-02 22:00,148,,,,,,,,,,,,,,,,,,,
2024-09-02 23:00,94,,,,,,,,,,,,,,,,,,,
2024-09-03 00:00,147,,,,,,,,,,,,,,,,,,,
2024-09-03 01:00,295,,,,,,,,,,,,,,,,,,,
2024-09-03 02:00,485,,,,,,,,,,,,,,,,,,,
2024-09-03 03:00,665,,,,,,,,,,,,,,,,,,,
2024-09-03 04:00,802,,,,,,,,,,,,,,,,,,,
2024-09-03 05:00,868,,,,,,,,,,,,,,,,,,,
2024-09-03 06:00,839,,,,,,,,,,,,,,,,,,,
2024-09-03 07:00,726,,,,,,,,,,,,,,,,,,,
2024-09-03 08:00,570,,,,,,,,,,,,,,,,,,,
2024-09-03 09:00,406,,,,,,,,,,,,,,,,,,,
2024-09-03 10:00,254,,,,,,,,,,,,,,,,,,,
2024-09-03 11:00,153,,,,,,,,,,,,,,,,,,,
2024-09-03 12:00,148,,,,,,,,,,,,,,,,,,,
2024-09-03 13:00,252,,,,,,,,,,,,,,,,,,,
2024-09-03 14:00,421,,,,,,,,,,,,,,,,,,,
2024-09-03 15:00,598,,,,,,,,,,,,,,,,,,,
2024-09-03 16:00,744,,,,,,,,,,,,,,,,,,,
2024-09-03 17:00,826,,,,,,,,,,,,,,,,,,,
2024-09-03 18:00,812,,,,,,,,,,,,,,,,,,,
2024-09-03 19:00,702,,,,,,,,,,,,,,,,,,,
2024-09-03 20:00,536,,,,,,,,,,,,,,,,,,,
2024-09-03 21:00,362,,,,,,,,,,,,,,,,,,,
2024-09-03 22:00,205,,,,,,,,,,,,,,,,,,,
2024-09-03 23:00,97,,,,,,,,,,,,,,,,,,,
2024-09-04 00:00,87,,,,,,,,,,,,,,,,,,,
2024-09-04 01:00,195,,,,,,,,,,,,,,,,,,,
2024-09-04 02:00,381,,,,,,,,,,,,,,,,,,,
2024-09-04 03:00,580,,,,,,,,,,,,,,,,,,,
2024-09-04 04:00,748,,,,,,,,,,,,,,,,,,,
2024-09-04 05:00,856,,,,,,,,,,,,,,,,,,,
2024-09-04 06:00,873,,,,,,,,,,,,,,,,,,,
2024-09-04 07:00,790,,,,,,,,,,,,,,,,,,,
2024-09-04 08:00,641,,,,,,,,,,,,,,,,,,,
2024-09-04 09:00,471,,,,,,,,,,,,,,,,,,,
2024-09-04 10:00,307,,,,,,,,,,,,,,,,,,,
2024-09-04 11:00,173,,,,,,,,,,,,,,,,,,,
2024-09-04 12:00,116,,,,,,,,,,,,,,,,,,,
2024-09-04 13:00,175,,,,,,,,,,,,,,,,,,,
2024-09-04 14:00,331,,,,,,,,,,,,,,,,,,,
2024-09-04 15:00,520,,,,,,,,,,,,,,,,,,,
2024-09-04 16:00,691,,,,,,,,,,,,,,,,,,,
2024-09-04 17:00,811,,,,,,,,,,,,,,,,,,,
2024-09-04 18:00,848,,,,,,,,,,,,,,,,,,,
2024-09-04 19:00,780,,,,,,,,,,,,,,,,,,,
2024-09-04 20:00,633,,,,,,,,,,,,,,,,,,,
2024-09-04 21:00,455,,,,,,,,,,,,,,,,,,,
2024-09-04 22:00,284,,,,,,,,,,,,,,,,,,,
2024-09-04 23:00,143,,,,,,,,,,,,,,,,,,,
2024-09-05 00:00,76,,,,,,,,,,,,,,,,,,,
2024-09-05 01:00,126,,,,,,,,,,,,,,,,,,,
2024-09-05 02:00,285,,,,,,,,,,,,,,,,,,,
2024-09-05 03:00,490,,,,,,,,,,,,,,,,,,,
2024-09-05 04:00,680,,,,,,,,,,,,,,,,,,,
2024-09-05 05:00,818,,,,,,,,,,,,,,,,,,,
2024-09-05 06:00,877,,,,,,,,,,,,,,,,,,,
2024-09-05 07:00,835,,,,,,,,,,,,,,,,,,,
2024-09-05 08:00,704,,,,,,,,,,,,,,,,,,,
2024-09-05 09:00,534,,,,,,,,,,,,,,,,,,,
2024-09-05 10:00,363,,,,,,,,,,,,,,,,,,,
2024-09-05 11:00,212,,,,,,,,,,,,,,,,,,,
2024-09-05 12:00,116,,,,,,,,,,,,,,,,,,,
2024-09-05 13:00,125,,,,,,,,,,,,,,,,,,,
2024-09-05 14:00,248,,,,,,,,,,,,,,,,,,,
2024-09-05 15:00,436,,,,,,,,,,,,,,,,,,,
2024-09-05 16:00,623,,,,,,,,,,,,,,,,,,,
2024-09-05 17:00,770,,,,,,,,,,,,,,,,,,,
2024-09-05 18:00,847,,,,,,,,,,,,,,,,,,,
2024-09-05 19:00,828,,,,,,,,,,,,,,,,,,,
2024-09-05 20:00,713,,,,,,,,,,,,,,,,,,,
2024-09-05 21:00,546,,,,,,,,,,,,,,,,,,,
2024-09-05 22:00,370,,,,,,,,,,,,,,,,,,,
2024-09-05 23:00,212,,,,,,,,,,,,,,,,,,,
2024-09-06 00:00,104,,,,,,,,,,,,,,,,,,,
2024-09-06 01:00,96,,,,,,,,,,,,,,,,,,,
2024-09-06 02:00,210,,,,,,,,,,,,,,,,,,,
2024-09-06 03:00,402,,,,,,,,,,,,,,,,,,,
2024-09-06 04:00,602,,,,,,,,,,,,,,,,,,,
2024-09-06 05:00,764,,,,,,,,,,,,,,,,,,,
2024-09-06 06:00,857,,,,,,,,,,,,,,,,,,,
2024-09-06 07:00,857,,,,,,,,,,,,,,,,,,,
2024-09-06 08:00,757,,,,,,,,,,,,,,,,,,,
2024-09-06 09:00,596,,,,,,,,,,,,,,,,,,,
2024-09-06 10:00,422,,,,,,,,,,,,,,,,,,,
2024-09-06 11:00,260,,,,,,,,,,,,,,,,,,,
2024-09-06 12:00,138,,,,,,,,,,,,,,,,,,,
2024-09-06 13:00,101,,,,,,,,,,,,,,,,,,,
2024-09-06 14:00,182,,,,,,,,,,,,,,,,,,,
2024-09-06 15:00,353,,,,,,,,,,,,,,,,,,,
2024-09-06 16:00,546,,,,,,,,,,,,,,,,,,,
2024-09-06 17:00,712,,,,,,,,,,,,,,,,,,,
2024-09-06 18:00,820,,,,,,,,,,,,,,,,,,,
2024-09-06 19:00,845,,,,,,,,,,,,,,,,,,,
2024-09-06 20:00,771,,,,,,,,,,,,,,,,,,,
2024-09-06 21:00,626,,,,,,,,,,,,,,,,,,,
2024-09-06 22:00,456,,,,,,,,,,,,,,,,,,,
2024-09-06 23:00,294,,,,,,,,,,,,,,,,,,,
2024-09-07 00:00,162,,,,,,,,,,,,,,,,,,,
2024-09-07 01:00,105,,,,,,,,,,,,,,,,,,,
2024-09-07 02:00,163,,,,,,,,,,,,,,,,,,,
2024-09-07 03:00,323,,,,,,,,,,,,,,,,,,,
2024-09-07 04:00,520,,,,,,,,,,,,,,,,,,,
2024-09-07 05:00,695,,,,,,,,,,,,,,,,,,,
2024-09-07 06:00,815,,,,,,,,,,,,,,,,,,,
2024-09-07 07:00,853,,,,,,,,,,,,,,,,,,,
2024-09-07 08:00,793,,,,,,,,,,,,,,,,,,,
2024-09-07 09:00,653,,,,,,,,,,,,,,,,,,,
2024-09-07 10:00,482,,,,,,,,,,,,,,,,,,,
2024-09-07 11:00,316,,,,,,,,,,,,,,,,,,,
2024-09-07 12:00,178,,,,,,,,,,,,,,,,,,,
2024-09-07 13:00,105,,,,,,,,,,,,,,,,,,,
2024-09-07 14:00,138,,,,,,,,,,,,,,,,,,,
2024-09-07 15:00,278,,,,,,,,,,,,,,,,,,,
2024-09-07 16:00,467,,,,,,,,,,,,,,,,,,,
2024-09-07 17:00,643,,,,,,,,,,,,,,,,,,,
2024-09-07 18:00,774,,,,,,,,,,,,,,,,,,,
2024-09-07 19:00,834,,,,,,,,,,,,,,,,,,,
2024-09-07 20:00,804,,,,,,,,,,,,,,,,,,,
2024-09-07 21:00,692,,,,,,,,,,,,,,,,,,,
2024-09-07 22:00,537,,,,,,,,,,,,,,,,,,,
2024-09-07 23:00,378,,,,,,,,,,,,,,,,,,,
2024-09-08 00:00,238,,,,,,,,,,,,,,,,,,,
2024-09-08 01:00,147,,,,,,,,,,,,,,,,,,,
2024-09-08 02:00,151,,,,,,,,,,,,,,,,,,,
2024-09-08 03:00,264,,,,,,,,,,,,,,,,,,,
2024-09-08 04:00,441,,,,,,,,,,,,,,,,,,,
2024-09-08 05:00,618,,,,,,,,,,,,,,,,,,,
2024-09-08 06:00,753,,,,,,,,,,,,,,,,,,,
2024-09-08 07:00,822,,,,,,,,,,,,,,,,,,,
2024-09-08 08:00,804,,,,,,,,,,,,,,,,,,,
2024-09-08 09:00,697,,,,,,,,,,,,,,,,,,,
2024-09-08 10:00,540,,,,,,,,,,,,,,,,,,,
2024-09-08 11:00,377,,,,,,,,,,,,,,,,,,,
2024-09-08 12:00,233,,,,,,,,,,,,,,,,,,,
2024-09-08 13:00,134,,,,,,,,,,,,,,,,,,,
2024-09-08 14:00,122,,,,,,,,,,,,,,,,,,,
2024-09-08 15:00,218,,,,,,,,,,,,,,,,,,,
2024-09-08 16:00,388,,,,,,,,,,,,,,,,,,,
2024-09-08 17:00,567,,,,,,,,,,,,,,,,,,,
2024-09-08 18:00,711,,,,,,,,,,,,,,,,,,,
2024-09-08 19:00,799,,,,,,,,,,,,,,,,,,,
2024-09-08 20:00,810,,,,,,,,,,,,,,,,,,,
2024-09-08 21:00,738,,,,,,,,,,,,,,,,,,,
2024-09-08 22:00,608,,,,,,,,,,,,,,,,,,,
2024-09-08 23:00,461,,,,,,,,,,,,,,,,,,,
2024-09-09 00:00,324,,,,,,,,,,,,,,,,,,,
2024-09-09 01:00,217,,,,,,,,,,,,,,,,,,,
2024-09-09 02:00,177,,,,,,,,,,,,,,,,,,,
2024-09-09 03:00,236,,,,,,,,,,,,,,,,,,,
2024-09-09 04:00,375,,,,,,,,,,,,,,,,,,,
2024-09-09 05:00,538,,,,,,,,,,,,,,,,,,,
2024-09-09 06:00,676,,,,,,,,,,,,,,,,,,,
2024-09-09 07:00,765,,,,,,,,,,,,,,,,,,,
2024-09-09 08:00,784,,,,,,,,,,,,,,,,,,,
2024-09-09 09:00,720,,,,,,,,,,,,,,,,,,,
2024-09-09 10:00,591,,,,,,,,,,,,,,,,,,,
2024-09-09 11:00,439,,,,,,,,,,,,,,,,,,,
2024-09-09 12:00,297,,,,,,,,,,,,,,,,,,,
2024-09-09 13:00,186,,,,,,,,,,,,,,,,,,,
2024-09-09 14:00,138,,,,,,,,,,,,,,,,,,,
2024-09-09 15:00,184,,,,,,,,,,,,,,,,,,,
2024-09-09 16:00,316,,,,,,,,,,,,,,,,,,,
2024-09-09 17:00,483,,,,,,,,,,,,,,,,,,,
2024-09-09 18:00,634,,,,,,,,,,,,,,,,,,,
2024-09-09 19:00,741,,,,,,,,,,,,,,,,,,,
2024-09-09 20:00,787,,,,,,,,,,,,,,,,,,,
2024-09-09 21:00,759,,,,,,,,,,,,,,,,,,,
2024-09-09 22:00,666,,,,,,,,,,,,,,,,,,,
2024-09-09 23:00,539,,,,,,,,,,,,,,,,,,,
2024-09-10 00:00,413,,,,,,,,,,,,,,,,,,,
2024-09-10 01:00,304,,,,,,,,,,,,,,,,,,,
2024-09-10 02:00,238,,,,,,,,,,,,,,,,,,,
2024-09-10 03:00,245,,,,,,,,,,,,,,,,,,,
2024-09-10 04:00,333,,,,,,,,,,,,,,,,,,,
2024-09-10 05:00,465,,,,,,,,,,,,,,,,,,,
2024-09-10 06:00,594,,,,,,,,,,,,,,,,,,,
2024-09-10 07:00,689,,,,,,,,,,,,,,,,,,,
2024-09-10 08:00,734,,,,,,,,,,,,,,,,,,,
2024-09-10 09:00,712,,,,,,,,,,,,,,,,,,,
2024-09-10 10:00,625,,,,,,,,,,,,,,,,,,,
2024-09-10 11:00,498,,,,,,,,,,,,,,,,,,,
2024-09-10 12:00,367,,,,,,,,,,,,,,,,,,,
2024-09-10 13:00,256,,,,,,,,,,,,,,,,,,,
2024-09-10 14:00,185,,,,,,,,,,,,,,,,,,,
2024-09-10 15:00,183,,,,,,,,,,,,,,,,,,,
2024-09-10 16:00,263,,,,,,,,,,,,,,,,,,,
2024-09-10 17:00,398,,,,,,,,,,,,,,,,,,,
2024-09-10 18:00,542,,,,,,,,,,,,,,,,,,,
2024-09-10 19:00,659,,,,,,,,,,,,,,,,,,,
2024-09-10 20:00,733,,,,,,,,,,,,,,,,,,,
2024-09-10 21:00,748,,,,,,,,,,,,,,,,,,,
2024-09-10 22:00,701,,,,,,,,,,,,,,,,,,,
2024-09-10 23:00,609,,,,,,,,,,,,,,,,,,,
2024-09-11 00:00,502,,,,,,,,,,,,,,,,,,,
2024-09-11 01:00,401,,,,,,,,,,,,,,,,,,,
2024-09-11 02:00,324,,,,,,,,,,,,,,,,,,,
2024-09-11 03:00,294,,,,,,,,,,,,,,,,,,,
2024-09-11 04:00,326,,,,,,,,,,,,,,,,,,,
2024-09-11 05:00,411,,,,,,,,,,,,,,,,,,,
2024-09-11 06:00,513,,,,,,,,,,,,,,,,,,,
2024-09-11 07:00,602,,,,,,,,,,,,,,,,,,,
2024-09-11 08:00,659,,,,,,,,,,,,,,,,,,,
2024-09-11 09:00,672,,,,,,,,,,,,,,,,,,,
2024-09-11 10:00,632,,,,,,,,,,,,,,,,,,,
2024-09-11 11:00,547,,,,,,,,,,,,,,,,,,,
2024-09-11 12:00,442,,,,,,,,,,,,,,,,,,,
2024-09-11 13:00,339,,,,,,,,,,,,,,,,,,,
2024-09-11 14:00,259,,,,,,,,,,,,,,,,,,,
2024-09-11 15:00,222,,,,,,,,,,,,,,,,,,,
2024-09-11 16:00,245,,,,,,,,,,,,,,,,,,,
2024-09-11 17:00,327,,,,,,,,,,,,,,,,,,,
2024-09-11 18:00,441,,,,,,,,,,,,,,,,,,,
2024-09-11 19:00,554,,,,,,,,,,,,,,,,,,,
2024-09-11 20:00,643,,,,,,,,,,,,,,,,,,,
2024-09-11 21:00,696,,,,,,,,,,,,,,,,,,,
2024-09-11 22:00,699,,,,,,,,,,,,,,,,,,,
2024-09-11 23:00,657,,,,,,,,,,,,,,,,,,,
2024-09-12 00:00,585,,,,,,,,,,,,,,,,,,,
2024-09-12 01:00,503,,,,,,,,,,,,,,,,,,,
2024-09-12 02:00,429,,,,,,,,,,,,,,,,,,,
2024-09-12 03:00,376,,,,,,,,,,,,,,,,,,,
2024-09-12 04:00,361,,,,,,,,,,,,,,,,,,,
2024-09-12 05:00,389,,,,,,,,,,,,,,,,,,,
2024-09-12 06:00,446,,,,,,,,,,,,,,,,,,,
2024-09-12 07:00,511,,,,,,,,,,,,,,,,,,,
2024-09-12 08:00,567,,,,,,,,,,,,,,,,,,,
2024-09-12 09:00,601,,,,,,,,,,,,,,,,,,,
2024-09-12 10:00,604,,,,,,,,,,,,,,,,,,,
2024-09-12 11:00,571,,,,,,,,,,,,,,,,,,,
2024-09-12 12:00,509,,,,,,,,,,,,,,,,,,,
2024-09-12 13:00,433,,,,,,,,,,,,,,,,,,,
2024-09-12 14:00,357,,,,,,,,,,,,,,,,,,,
2024-09-12 15:00,299,,,,,,,,,,,,,,,,,,,
2024-09-12 16:00,273,,,,,,,,,,,,,,,,,,,
2024-09-12 17:00,292,,,,,,,,,,,,,,,,,,,
2024-09-12 18:00,351,,,,,,,,,,,,,,,,,,,
2024-09-12 19:00,433,,,,,,,,,,,,,,,,,,,
2024-09-12 20:00,522,,,,,,,,,,,,,,,,,,,
2024-09-12 21:00,598,,,,,,,,,,,,,,,,,,,
2024-09-12 22:00,649,,,,,,,,,,,,,,,,,,,
2024-09-12 23:00,665,,,,,,,,,,,,,,,,,,,
2024-09-13 00:00,646,,,,,,,,,,,,,,,,,,,
2024-09-13 01:00,602,,,,,,,,,,,,,,,,,,,
2024-09-13 02:00,543,,,,,,,,,,,,,,,,,,,
2024-09-13 03:00,484,,,,,,,,,,,,,,,,,,,
2024-09-13 04:00,436,,,,,,,,,,,,,,,,,,,
2024-09-13 05:00,411,,,,,,,,,,,,,,,,,,,
2024-09-13 06:00,411,,,,,,,,,,,,,,,,,,,
2024-09-13 07:00,431,,,,,,,,,,,,,,,,,,,
2024-09-13 08:00,466,,,,,,,,,,,,,,,,,,,
2024-09-13 09:00,505,,,,,,,,,,,,,,,,,,,
2024-09-13 10:00,539,,,,,,,,,,,,,,,,,,,
2024-09-13 11:00,557,,,,,,,,,,,,,,,,,,,
2024-09-13 12:00,552,,,,,,,,,,,,,,,,,,,
2024-09-13 13:00,523,,,,,,,,,,,,,,,,,,,
2024-09-13 14:00,472,,,,,,,,,,,,,,,,,,,
2024-09-13 15:00,410,,,,,,,,,,,,,,,,,,,
2024-09-13 16:00,351,,,,,,,,,,,,,,,,,,,
2024-09-13 17:00,311,,,,,,,,,,,,,,,,,,,
2024-09-13 18:00,301,,,,,,,,,,,,,,,,,,,
2024-09-13 19:00,326,,,,,,,,,,,,,,,,,,,
2024-09-13 20:00,382,,,,,,,,,,,,,,,,,,,
2024-09-13 21:00,461,,,,,,,,,,,,,,,,,,,
2024-09-13 22:00,544,,,,,,,,,,,,,,,,,,,
2024-09-13 23:00,616,,,,,,,,,,,,,,,,,,,
2024-09-14 00:00,661,,,,,,,,,,,,,,,,,,,
2024-09-14 01:00,675,,,,,,,,,,,,,,,,,,,
2024-09-14 02:00,655,,,,,,,,,,,,,,,,,,,
2024-09-14 03:00,607,,,,,,,,,,,,,,,,,,,
2024-09-14 04:00,544,,,,,,,,,,,,,,,,,,,
2024-09-14 05:00,479,,,,,,,,,,,,,,,,,,,
2024-09-14 06:00,422,,,,,,,,,,,,,,,,,,,
2024-09-14 07:00,384,,,,,,,,,,,,,,,,,,,
2024-09-14 08:00,374,,,,,,,,,,,,,,,,,,,
2024-09-14 09:00,394,,,,,,,,,,,,,,,,,,,
2024-09-14 10:00,439,,,,,,,,,,,,,,,,,,,
2024-09-14 11:00,498,,,,,,,,,,,,,,,,,,,
2024-09-14 12:00,551,,,,,,,,,,,,,,,,,,,
2024-09-14 13:00,583,,,,,,,,,,,,,,,,,,,
2024-09-14 14:00,582,,,,,,,,,,,,,,,,,,,
2024-09-14 15:00,543,,,,,,,,,,,,,,,,,,,
2024-09-14 16:00,474,,,,,,,,,,,,,,,,,,,
2024-09-14 17:00,391,,,,,,,,,,,,,,,,,,,
2024-09-14 18:00,316,,,,,,,,,,,,,,,,,,,
2024-09-14 19:00,268,,,,,,,,,,,,,,,,,,,
2024-09-14 20:00,262,,,,,,,,,,,,,,,,,,,
2024-09-14 21:00,305,,,,,,,,,,,,,,,,,,,
2024-09-14 22:00,392,,,,,,,,,,,,,,,,,,,
2024-09-14 23:00,503,,,,,,,,,,,,,,,,,,,
2024-09-15 00:00,612,,,,,,,,,,,,,,,,,,,
2024-09-15 01:00,694,,,,,,,,,,,,,,,,,,,
2024-09-15 02:00,736,,,,,,,,,,,,,,,,,,,
2024-09-15 03:00,728,,,,,,,,,,,,,,,,,,,
2024-09-15 04:00,673,,,,,,,,,,,,,,,,,,,
2024-09-15 05:00,585,,,,,,,,,,,,,,,,,,,
2024-09-15 06:00,484,,,,,,,,,,,,,,,,,,,
2024-09-15 07:00,389,,,,,,,,,,,,,,,,,,,
2024-09-15 08:00,318,,,,,,,,,,,,,,,,,,,
2024-09-15 09:00,290,,,,,,,,,,,,,,,,,,,
2024-09-15 10:00,317,,,,,,,,,,,,,,,,,,,
2024-09-15 11:00,393,,,,,,,,,,,,,,,,,,,
2024-09-15 12:00,493,,,,,,,,,,,,,,,,,,,
2024-09-15 13:00,590,,,,,,,,,,,,,,,,,,,
2024-09-15 14:00,655,,,,,,,,,,,,,,,,,,,
2024-09-15 15:00,670,,,,,,,,,,,,,,,,,,,
2024-09-15 16:00,622,,,,,,,,,,,,,,,,,,,
2024-09-15 17:00,524,,,,,,,,,,,,,,,,,,,
2024-09-15 18:00,402,,,,,,,,,,,,,,,,,,,
2024-09-15 19:00,286,,,,,,,,,,,,,,,,,,,
2024-09-15 20:00,204,,,,,,,,,,,,,,,,,,,
2024-09-15 21:00,177,,,,,,,,,,,,,,,,,,,
2024-09-15 22:00,224,,,,,,,,,,,,,,,,,,,
2024-09-15 23:00,340,,,,,,,,,,,,,,,,,,,
2024-09-16 00:00,492,,,,,,,,,,,,,,,,,,,
2024-09-16 01:00,642,,,,,,,,,,,,,,,,,,,
2024-09-16 02:00,756,,,,,,,,,,,,,,,,,,,
2024-09-16 03:00,813,,,,,,,,,,,,,,,,,,,
2024-09-16 04:00,799,,,,,,,,,,,,,,,,,,,
2024-09-16 05:00,716,,,,,,,,,,,,,,,,,,,
2024-09-16 06:00,589,,,,,,,,,,,,,,,,,,,
2024-09-16 07:00,450,,,,,,,,,,,,,,,,,,,
2024-09-16 08:00,322,,,,,,,,,,,,,,,,,,,
2024-09-16 09:00,229,,,,,,,,,,,,,,,,,,,
2024-09-16 10:00,202,,,,,,,,,,,,,,,,,,,
2024-09-16 11:00,259,,,,,,,,,,,,,,,,,,,
2024-09-16 12:00,382,,,,,,,,,,,,,,,,,,,
2024-09-16 13:00,530,,,,,,,,,,,,,,,,,,,
2024-09-16 14:00,663,,,,,,,,,,,,,,,,,,,
2024-09-16 15:00,749,,,,,,,,,,,,,,,,,,,
2024-09-16 16:00,760,,,,,,,,,,,,,,,,,,,
2024-09-16 17:00,684,,,,,,,,,,,,,,,,,,,
2024-09-16 18:00,544,,,,,,,,,,,,,,,,,,,
2024-09-16 19:00,381,,,,,,,,,,,,,,,,,,,
2024-09-16 20:00,233,,,,,,,,,,,,,,,,,,,
2024-09-16 21:00,125,,,,,,,,,,,,,,,,,,,
2024-09-16 22:00,94,,,,,,,,,,,,,,,,,,,
2024-09-16 23:00,163,,,,,,,,,,,,,,,,,,,
2024-09-17 00:00,322,,,,,,,,,,,,,,,,,,,
2024-09-17 01:00,518,,,,,,,,,,,,,,,,,,,
2024-09-17 02:00,699,,,,,,,,,,,,,,,,,,,
2024-09-17 03:00,830,,,,,,,,,,,,,,,,,,,
2024-09-17 04:00,885,,,,,,,,,,,,,,,,,,,
2024-09-17 05:00,844,,,,,,,,,,,,,,,,,,,
2024-09-17 06:00,720,,,,,,,,,,,,,,,,,,,
2024-09-17 07:00,555,,,,,,,,,,,,,,,,,,,
2024-09-17 08:00,385,,,,,,,,,,,,,,,,,,,
2024-09-17 09:00,234,,,,,,,,,,,,,,,,,,,
2024-09-17 10:00,135,,,,,,,,,,,,,,,,,,,
2024-09-17 11:00,131,,,,,,,,,,,,,,,,,,,
2024-09-17 12:00,236,,,,,,,,,,,,,,,,,,,
2024-09-17 13:00,412,,,,,,,,,,,,,,,,,,,
2024-09-17 14:00,599,,,,,,,,,,,,,,,,,,,
2024-09-17 15:00,754,,,,,,,,,,,,,,,,,,,
2024-09-17 16:00,842,,,,,,,,,,,,,,,,,,,
2024-09-17 17:00,829,,,,,,,,,,,,,,,,,,,
2024-09-17 18:00,712,,,,,,,,,,,,,,,,,,,
2024-09-17 19:00,532,,,,,,,,,,,,,,,,,,,
2024-09-17 20:00,341,,,,,,,,,,,,,,,,,,,
2024-09-17 21:00,170,,,,,,,,,,,,,,,,,,,
2024-09-17 22:00,51,,,,,,,,,,,,,,,,,,,
2024-09-17 23:00,32,,,,,,,,,,,,,,,,,,,
2024-09-18 00:00,141,,,,,,,,,,,,,,,,,,,
2024-09-18 01:00,345,,,,,,,,,,,,,,,,,,,
2024-09-18 02:00,572,,,,,,,,,,,,,,,,,,,
2024-09-18 03:00,768,,,,,,,,,,,,,,,,,,,
2024-09-18 04:00,898,,,,,,,,,,,,,,,,,,,
2024-09-18 05:00,930,,,,,,,,,,,,,,,,,,,
2024-09-18 06:00,848,,,,,,,,,,,,,,,,,,,
2024-09-18 07:00,683,,,,,,,,,,,,,,,,,,,
2024-09-18 08:00,490,,,,,,,,,,,,,,,,,,,
2024-09-18 09:00,302,,,,,,,,,,,,,,,,,,,
2024-09-18 10:00,141,,,,,,,,,,,,,,,,,,,
2024-09-18 11:00,55,,,,,,,,,,,,,,,,,,,
2024-09-18 12:00,96,,,,,,,,,,,,,,,,,,,
2024-09-18 13:00,258,,,,,,,,,,,,,,,,,,,
2024-09-18 14:00,475,,,,,,,,,,,,,,,,,,,
2024-09-18 15:00,682,,,,,,,,,,,,,,,,,,,
2024-09-18 16:00,841,,,,,,,,,,,,,,,,,,,
2024-09-18 17:00,912,,,,,,,,,,,,,,,,,,,
2024-09-18 18:00,861,,,,,,,,,,,,,,,,,,,
2024-09-18 19:00,703,,,,,,,,,,,,,,,,,,,
2024-09-18 20:00,498,,,,,,,,,,,,,,,,,,,
2024-09-18 21:00,292,,,,,,,,,,,,,,,,,,,
2024-09-18 22:00,110,,,,,,,,,,,,,,,,,,,
2024-09-18 23:00,-5,,,,,,,,,,,,,,,,,,,
2024-09-19 00:00,9,,,,,,,,,,,,,,,,,,,
2024-09-19 01:00,167,,,,,,,,,,,,,,,,,,,
2024-09-19 02:00,405,,,,,,,,,,,,,,,,,,,
2024-09-19 03:00,642,,,,,,,,,,,,,,,,,,,
2024-09-19 04:00,833,,,,,,,,,,,,,,,,,,,
2024-09-19 05:00,943,,,,,,,,,,,,,,,,,,,
2024-09-19 06:00,935,,,,,,,,,,,,,,,,,,,
2024-09-19 07:00,807,,,,,,,,,,,,,,,,,,,
2024-09-19 08:00,612,,,,,,,,,,,,,,,,,,,
2024-09-19 09:00,407,,,,,,,,,,,,,,,,,,,
2024-09-19 10:00,213,,,,,,,,,,,,,,,,,,,
2024-09-19 11:00,58,,,,,,,,,,,,,,,,,,,
2024-09-19 12:00,8,,,,,,,,,,,,,,,,,,,
2024-09-19 13:00,109,,,,,,,,,,,,,,,,,,,
2024-09-19 14:00,319,,,,,,,,,,,,,,,,,,,
2024-09-19 15:00,556,,,,,,,,,,,,,,,,,,,
2024-09-19 16:00,764,,,,,,,,,,,,,,,,,,,
2024-09-19 17:00,908,,,,,,,,,,,,,,,,,,,
2024-09-19 18:00,945,,,,,,,,,,,,,,,,,,,
2024-09-19 19:00,852,,,,,,,,,,,,,,,,,,,
2024-09-19 20:00,666,,,,,,,,,,,,,,,,,,,
2024-09-19 21:00,452,,,,,,,,,,,,,,,,,,,
2024-09-19 22:00,244,,,,,,,,,,,,,,,,,,,
2024-09-19 23:00,64,,,,,,,,,,,,,,,,,,,
2024-09-20 00:00,-25,,,,,,,,,,,,,,,,,,,
2024-09-20 01:00,38,,,,,,,,,,,,,,,,,,,
2024-09-20 02:00,237,,,,,,,,,,,,,,,,,,,
2024-09-20 03:00,486,,,,,,,,,,,,,,,,,,,
2024-09-20 04:00,712,,,,,,,,,,,,,,,,,,,
2024-09-20 05:00,879,,,,,,,,,,,,,,,,,,,
2024-09-20 06:00,950,,,,,,,,,,,,,,,,,,,
2024-09-20 07:00,892,,,,,,,,,,,,,,,,,,,
2024-09-20 08:00,727,,,,,,,,,,,,,,,,,,,
2024-09-20 09:00,521,,,,,,,,,,,,,,,,,,,
2024-09-20 10:00,316,,,,,,,,,,,,,,,,,,,
2024-09-20 11:00,128,,,,,,,,,,,,,,,,,,,
2024-09-20 12:00,2,,,,,,,,,,,,,,,,,,,
2024-09-20 13:00,11,,,,,,,,,,,,,,,,,,,
2024-09-20 14:00,169,,,,,,,,,,,,,,,,,,,
2024-09-20 15:00,406,,,,,,,,,,,,,,,,,,,
2024-09-20 16:00,640,,,,,,,,,,,,,,,,,,,
2024-09-20 17:00,830,,,,,,,,,,,,,,,,,,,
2024-09-20 18:00,943,,,,,,,,,,,,,,,,,,,
2024-09-20 19:00,936,,,,,,,,,,,,,,,,,,,
2024-09-20 20:00,808,,,,,,,,,,,,,,,,,,,
2024-09-20 21:00,612,,,,,,,,,,,,,,,,,,,
2024-09-20 22:00,404,,,,,,,,,,,,,,,,,,,
2024-09-20 23:00,203,,,,,,,,,,,,,,,,,,,
2024-09-21 00:00,43,,,,,,,,,,,,,,,,,,,
2024-09-21 01:00,-1,,,,,,,,,,,,,,,,,,,
2024-09-21 02:00,112,,,,,,,,,,,,,,,,,,,
2024-09-21 03:00,331,,,,,,,,,,,,,,,,,,,
2024-09-21 04:00,567,,,,,,,,,,,,,,,,,,,
2024-09-21 05:00,764,,,,,,,,,,,,,,,,,,,
2024-09-21 06:00,893,,,,,,,,,,,,,,,,,,,
2024-09-21 07:00,915,,,,,,,,,,,,,,,,,,,
2024-09-21 08:00,812,,,,,,,,,,,,,,,,,,,
2024-09-21 09:00,629,,,,,,,,,,,,,,,,,,,
2024-09-21 10:00,426,,,,,,,,,,,,,,,,,,,
2024-09-21 11:00,231,,,,,,,,,,,,,,,,,,,
2024-09-21 12:00,66,,,,,,,,,,,,,,,,,,,
2024-09-21 13:00,-9,,,,,,,,,,,,,,,,,,,
2024-09-21 14:00,63,,,,,,,,,,,,,,,,,,,
2024-09-21 15:00,259,,,,,,,,,,,,,,,,,,,
2024-09-21 16:00,495,,,,,,,,,,,,,,,,,,,
2024-09-21 17:00,708,,,,,,,,,,,,,,,,,,,
2024-09-21 18:00,867,,,,,,,,,,,,,,,,,,,
2024-09-21 19:00,938,,,,,,,,,,,,,,,,,,,
2024-09-21 20:00,891,,,,,,,,,,,,,,,,,,,
2024-09-21 21:00,744,,,,,,,,,,,,,,,,,,,
2024-09-21 22:00,555,,,,,,,,,,,,,,,,,,,
2024-09-21 23:00,361,,,,,,,,,,,,,,,,,,,
2024-09-22 00:00,179,,,,,,,,,,,,,,,,,,,
2024-09-22 01:00,60,,,,,,,,,,,,,,,,,,,
2024-09-22 02:00,70,,,,,,,,,,,,,,,,,,,
2024-09-22 03:00,216,,,,,,,,,,,,,,,,,,,
2024-09-22 04:00,428,,,,,,,,,,,,,,,,,,,
2024-09-22 05:00,631,,,,,,,,,,,,,,,,,,,
2024-09-22 06:00,788,,,,,,,,,,,,,,,,,,,
2024-09-22 07:00,869,,,,,,,,,,,,,,,,,,,
2024-09-22 08:00,841,,,,,,,,,,,,,,,,,,,
2024-09-22 09:00,709,,,,,,,,,,,,,,,,,,,
2024-09-22 10:00,526,,,,,,,,,,,,,,,,,,,
2024-09-22 11:00,339,,,,,,,,,,,,,,,,,,,
2024-09-22 12:00,168,,,,,,,,,,,,,,,,,,,
2024-09-22 13:00,45,,,,,,,,,,,,,,,,,,,
2024-09-22 14:00,32,,,,,,,,,,,,,,,,,,,
2024-09-22 15:00,152,,,,,,,,,,,,,,,,,,,
2024-09-22 16:00,357,,,,,,,,,,,,,,,,,,,
2024-09-22 17:00,570,,,,,,,,,,,,,,,,,,,
2024-09-22 18:00,749,,,,,,,,,,,,,,,,,,,
2024-09-22 19:00,868,,,,,,,,,,,,,,,,,,,
2024-09-22 20:00,896,,,,,,,,,,,,,,,,,,,
2024-09-22 21:00,820,,,,,,,,,,,,,,,,,,,
2024-09-22 22:00,674,,,,,,,,,,,,,,,,,,,
2024-09-22 23:00,504,,,,,,,,,,,,,,,,,,,
2024-09-23 00:00,333,,,,,,,,,,,,,,,,,,,
2024-09-23 01:00,186,,,,,,,,,,,,,,,,,,,
2024-09-23 02:00,118,,,,,,,,,,,,,,,,,,,
2024-09-23 03:00,172,,,,,,,,,,,,,,,,,,,
2024-09-23 04:00,324,,,,,,,,,,,,,,,,,,,
2024-09-23 05:00,506,,,,,,,,,,,,,,,,,,,
2024-09-23 06:00,665,,,,,,,,,,,,,,,,,,,
2024-09-23 07:00,775,,,,,,,,,,,,,,,,,,,
2024-09-23 08:00,808,,,,,,,,,,,,,,,,,,,
2024-09-23 09:00,744,,,,,,,,,,,,,,,,,,,
2024-09-23 10:00,605,,,,,,,,,,,,,,,,,,,
2024-09-23 11:00,439,,,,,,,,,,,,,,,,,,,
2024-09-23 12:00,278,,,,,,,,,,,,,,,,,,,
2024-09-23 13:00,143,,,,,,,,,,,,,,,,,,,
2024-09-23 14:00,74,,,,,,,,,,,,,,,,,,,
2024-09-23 15:00,112,,,,,,,,,,,,,,,,,,,
2024-09-23 16:00,252,,,,,,,,,,,,,,,,,,,
2024-09-23 17:00,438,,,,,,,,,,,,,,,,,,,
2024-09-23 18:00,614,,,,,,,,,,,,,,,,,,,
2024-09-23 19:00,753,,,,,,,,,,,,,,,,,,,
2024-09-23 20:00,832,,,,,,,,,,,,,,,,,,,
2024-09-23 21:00,828,,,,,,,,,,,,,,,,,,,
2024-09-23 22:00,744,,,,,,,,,,,,,,,,,,,
2024-09-23 23:00,615,,,,,,,,,,,,,,,,,,,
2024-09-24 00:00,471,,,,,,,,,,,,,,,,,,,
2024-09-24 01:00,333,,,,,,,,,,,,,,,,,,,
2024-09-24 02:00,231,,,,,,,,,,,,,,,,,,,
2024-09-24 03:00,208,,,,,,,,,,,,,,,,,,,
2024-09-24 04:00,278,,,,,,,,,,,,,,,,,,,
2024-09-24 05:00,408,,,,,,,,,,,,,,,,,,,
2024-09-24 06:00,546,,,,,,,,,,,,,,,,,,,
2024-09-24 07:00,659,,,,,,,,,,,,,,,,,,,
2024-09-24 08:00,725,,,,,,,,,,,,,,,,,,,
2024-09-24 09:00,722,,,,,,,,,,,,,,,,,,,
2024-09-24 10:00,645,,,,,,,,,,,,,,,,,,,
2024-09-24 11:00,521,,,,,,,,,,,,,,,,,,,
2024-09-24 12:00,384,,,,,,,,,,,,,,,,,,,
2024-09-24 13:00,258,,,,,,,,,,,,,,,,,,,
2024-09-24 14:00,168,,,,,,,,,,,,,,,,,,,
2024-09-24 15:00,144,,,,,,,,,,,,,,,,,,,
2024-09-24 16:00,206,,,,,,,,,,,,,,,,,,,
2024-09-24 17:00,333,,,,,,,,,,,,,,,,,,,
2024-09-24 18:00,482,,,,,,,,,,,,,,,,,,,
2024-09-24 19:00,619,,,,,,,,,,,,,,,,,,,
2024-09-24 20:00,720,,,,,,,,,,,,,,,,,,,
2024-09-24 21:00,769,,,,,,,,,,,,,,,,,,,
2024-09-24 22:00,752,,,,,,,,,,,,,,,,,,,
2024-09-24 23:00,681,,,,,,,,,,,,,,,,,,,
2024-09-25 00:00,579,,,,,,,,,,,,,,,,,,,
2024-09-25 01:00,469,,,,,,,,,,,,,,,,,,,
2024-09-25 02:00,368,,,,,,,,,,,,,,,,,,,
2024-09-25 03:00,305,,,,,,,,,,,,,,,,,,,
2024-09-25 04:00,302,,,,,,,,,,,,,,,,,,,
2024-09-25 05:00,359,,,,,,,,,,,,,,,,,,,
2024-09-25 06:00,449,,,,,,,,,,,,,,,,,,,
2024-09-25 07:00,542,,,,,,,,,,,,,,,,,,,
2024-09-25 08:00,616,,,,,,,,,,,,,,,,,,,
2024-09-25 09:00,651,,,,,,,,,,,,,,,,,,,
2024-09-25 10:00,635,,,,,,,,,,,,,,,,,,,
2024-09-25 11:00,570,,,,,,,,,,,,,,,,,,,
2024-09-25 12:00,476,,,,,,,,,,,,,,,,,,,
2024-09-25 13:00,375,,,,,,,,,,,,,,,,,,,
2024-09-25 14:00,287,,,,,,,,,,,,,,,,,,,
2024-09-25 15:00,232,,,,,,,,,,,,,,,,,,,
2024-09-25 16:00,230,,,,,,,,,,,,,,,,,,,
2024-09-25 17:00,283,,,,,,,,,,,,,,,,,,,
2024-09-25 18:00,375,,,,,,,,,,,,,,,,,,,
2024-09-25 19:00,483,,,,,,,,,,,,,,,,,,,
2024-09-25 20:00,584,,,,,,,,,,,,,,,,,,,
2024-09-25 21:00,660,,,,,,,,,,,,,,,,,,,
2024-09-25 22:00,697,,,,,,,,,,,,,,,,,,,
2024-09-25 23:00,691,,,,,,,,,,,,,,,,,,,
2024-09-26 00:00,647,,,,,,,,,,,,,,,,,,,
2024-09-26 01:00,578,,,,,,,,,,,,,,,,,,,
2024-09-26 02:00,500,,,,,,,,,,,,,,,,,,,
2024-09-26 03:00,430,,,,,,,,,,,,,,,,,,,
2024-09-26 04:00,383,,,,,,,,,,,,,,,,,,,
2024-09-26 05:00,372,,,,,,,,,,,,,,,,,,,
2024-09-26 06:00,394,,,,,,,,,,,,,,,,,,,
2024-09-26 07:00,442,,,,,,,,,,,,,,,,,,,
2024-09-26 08:00,499,,,,,,,,,,,,,,,,,,,
2024-09-26 09:00,548,,,,,,,,,,,,,,,,,,,
2024-09-26 10:00,575,,,,,,,,,,,,,,,,,,,
2024-09-26 11:00,572,,,,,,,,,,,,,,,,,,,
2024-09-26 12:00,538,,,,,,,,,,,,,,,,,,,
2024-09-26 13:00,481,,,,,,,,,,,,,,,,,,,
2024-09-26 14:00,414,,,,,,,,,,,,,,,,,,,
2024-09-26 15:00,352,,,,,,,,,,,,,,,,,,,
2024-09-26 16:00,310,,,,,,,,,,,,,,,,,,,
2024-09-26 17:00,297,,,,,,,,,,,,,,,,,,,
2024-09-26 18:00,318,,,,,,,,,,,,,,,,,,,
2024-09-26 19:00,370,,,,,,,,,,,,,,,,,,,
2024-09-26 20:00,444,,,,,,,,,,,,,,,,,,,
2024-09-26 21:00,524,,,,,,,,,,,,,,,,,,,
2024-09-26 22:00,593,,,,,,,,,,,,,,,,,,,
2024-09-26 23:00,641,,,,,,,,,,,,,,,,,,,
2024-09-27 00:00,661,,,,,,,,,,,,,,,,,,,
2024-09-27 01:00,650,,,,,,,,,,,,,,,,,,,
2024-09-27 02:00,611,,,,,,,,,,,,,,,,,,,
2024-09-27 03:00,555,,,,,,,,,,,,,,,,,,,
2024-09-27 04:00,494,,,,,,,,,,,,,,,,,,,
2024-09-27 05:00,437,,,,,,,,,,,,,,,,,,,
2024-09-27 06:00,396,,,,,,,,,,,,,,,,,,,
2024-09-27 07:00,381,,,,,,,,,,,,,,,,,,,
2024-09-27 08:00,395,,,,,,,,,,,,,,,,,,,
2024-09-27 09:00,433,,,,,,,,,,,,,,,,,,,
2024-09-27 10:00,480,,,,,,,,,,,,,,,,,,,
2024-09-27 11:00,524,,,,,,,,,,,,,,,,,,,
2024-09-27 12:00,552,,,,,,,,,,,,,,,,,,,
2024-09-27 13:00,556,,,,,,,,,,,,,,,,,,,
2024-09-27 14:00,531,,,,,,,,,,,,,,,,,,,
2024-09-27 15:00,484,,,,,,,,,,,,,,,,,,,
2024-09-27 16:00,426,,,,,,,,,,,,,,,,,,,
2024-09-27 17:00,369,,,,,,,,,,,,,,,,,,,
2024-09-27 18:00,325,,,,,,,,,,,,,,,,,,,
2024-09-27 19:00,308,,,,,,,,,,,,,,,,,,,
2024-09-27 20:00,327,,,,,,,,,,,,,,,,,,,
2024-09-27 21:00,383,,,,,,,,,,,,,,,,,,,
2024-09-27 22:00,461,,,,,,,,,,,,,,,,,,,
2024-09-27 23:00,545,,,,,,,,,,,,,,,,,,,
2024-09-28 00:00,620,,,,,,,,,,,,,,,,,,,
2024-09-28 01:00,670,,,,,,,,,,,,,,,,,,,
2024-09-28 02:00,685,,,,,,,,,,,,,,,,,,,
2024-09-28 03:00,663,,,,,,,,,,,,,,,,,,,
2024-09-28 04:00,608,,,,,,,,,,,,,,,,,,,
2024-09-28 05:00,531,,,,,,,,,,,,,,,,,,,
2024-09-28 06:00,446,,,,,,,,,,,,,,,,,,,
2024-09-28 07:00,371,,,,,,,,,,,,,,,,,,,
2024-09-28 08:00,327,,,,,,,,,,,,,,,,,,,
2024-09-28 09:00,327,,,,,,,,,,,,,,,,,,,
2024-09-28 10:00,370,,,,,,,,,,,,,,,,,,,
2024-09-28 11:00,439,,,,,,,,,,,,,,,,,,,
2024-09-28 12:00,517,,,,,,,,,,,,,,,,,,,
2024-09-28 13:00,582,,,,,,,,,,,,,,,,,,,
2024-09-28 14:00,615,,,,,,,,,,,,,,,,,,,
2024-09-28 15:00,606,,,,,,,,,,,,,,,,,,,
2024-09-28 16:00,556,,,,,,,,,,,,,,,,,,,
2024-09-28 17:00,477,,,,,,,,,,,,,,,,,,,
2024-09-28 18:00,388,,,,,,,,,,,,,,,,,,,
2024-09-28 19:00,308,,,,,,,,,,,,,,,,,,,
2024-09-28 20:00,261,,,,,,,,,,,,,,,,,,,
2024-09-28 21:00,265,,,,,,,,,,,,,,,,,,,
2024-09-28 22:00,324,,,,,,,,,,,,,,,,,,,
2024-09-28 23:00,422,,,,,,,,,,,,,,,,,,,
2024-09-29 00:00,535,,,,,,,,,,,,,,,,,,,
2024-09-29 01:00,639,,,,,,,,,,,,,,,,,,,
2024-09-29 02:00,712,,,,,,,,,,,,,,,,,,,
2024-09-29 03:00,737,,,,,,,,,,,,,,,,,,,
2024-09-29 04:00,708,,,,,,,,,,,,,,,,,,,
2024-09-29 05:00,631,,,,,,,,,,,,,,,,,,,
2024-09-29 06:00,524,,,,,,,,,,,,,,,,,,,
2024-09-29 07:00,408,,,,,,,,,,,,,,,,,,,
2024-09-29 08:00,309,,,,,,,,,,,,,,,,,,,
2024-09-29 09:00,255,,,,,,,,,,,,,,,,,,,
2024-09-29 10:00,266,,,,,,,,,,,,,,,,,,,
2024-09-29 11:00,337,,,,,,,,,,,,,,,,,,,
2024-09-29 12:00,444,,,,,,,,,,,,,,,,,,,
2024-09-29 13:00,557,,,,,,,,,,,,,,,,,,,
2024-09-29 14:00,649,,,,,,,,,,,,,,,,,,,
2024-09-29 15:00,694,,,,,,,,,,,,,,,,,,,
2024-09-29 16:00,676,,,,,,,,,,,,,,,,,,,
2024-09-29 17:00,599,,,,,,,,,,,,,,,,,,,
2024-09-29 18:00,485,,,,,,,,,,,,,,,,,,,
2024-09-29 19:00,363,,,,,,,,,,,,,,,,,,,
2024-09-29 20:00,257,,,,,,,,,,,,,,,,,,,
2024-09-29 21:00,198,,,,,,,,,,,,,,,,,,,
2024-09-29 22:00,210,,,,,,,,,,,,,,,,,,,
2024-09-29 23:00,294,,,,,,,,,,,,,,,,,,,
2024-09-30 00:00,425,,,,,,,,,,,,,,,,,,,
2024-09-30 01:00,567,,,,,,,,,,,,,,,,,,,
2024-09-30 02:00,691,,,,,,,,,,,,,,,,,,,
2024-09-30 03:00,769,,,,,,,,,,,,,,,,,,,
2024-09-30 04:00,780,,,,,,,,,,,,,,,,,,,
2024-09-30 05:00,721,,,,,,,,,,,,,,,,,,,
2024-09-30 06:00,608,,,,,,,,,,,,,,,,,,,
2024-09-30 07:00,471,,,,,,,,,,,,,,,,,,,
2024-09-30 08:00,335,,,,,,,,,,,,,,,,,,,
2024-09-30 09:00,229,,,,,,,,,,,,,,,,,,,
2024-09-30 10:00,190,,,,,,,,,,,,,,,,,,,
2024-09-30 11:00,236,,,,,,,,,,,,,,,,,,,
2024-09-30 12:00,350,,,,,,,,,,,,,,,,,,,
2024-09-30 13:00,495,,,,,,,,,,,,,,,,,,,
2024-09-30 14:00,633,,,,,,,,,,,,,,,,,,,
2024-09-30 15:00,733,,,,,,,,,,,,,,,,,,,
2024-09-30 16:00,763,,,,,,,,,,,,,,,,,,,
2024-09-30 17:00,712,,,,,,,,,,,,,,,,,,,
2024-09-30 18:00,596,,,,,,,,,,,,,,,,,,,
2024-09-30 19:00,450,,,,,,,,,,,,,,,,,,,
2024-09-30 20:00,305,,,,,,,,,,,,,,,,,,,
2024-09-30 21:00,191,,,,,,,,,,,,,,,,,,,
2024-09-30 22:00,143,,,,,,,,,,,,,,,,,,,
2024-09-30 23:00,186,,,,,,,,,,,,,,,,,,,
